fixture_id,h2b_control_valid,neutral_low_technical_status,neutral_low_pass,neutral_low_decision_margin,code_mapped_low_technical_status,code_mapped_low_pass,code_mapped_low_decision_margin,neutral_high_technical_status,neutral_high_pass,neutral_high_decision_margin,code_mapped_high_technical_status,code_mapped_high_pass,code_mapped_high_decision_margin,nonrel_control_high_technical_status,nonrel_control_high_pass,nonrel_control_high_decision_margin
RESCS1C-C000,True,VALID,False,-1.25,VALID,False,-2.5,VALID,False,-1.625,VALID,False,-4.875,VALID,False,-2.0
RESCS1C-C001,True,VALID,False,-2.75,VALID,True,6.5,VALID,False,-1.0,VALID,True,2.75,VALID,False,-1.5
RESCS1C-C002,True,VALID,False,1.0,VALID,False,-5.75,VALID,False,0.75,VALID,False,-5.25,VALID,False,-0.75
RESCS1C-C003,True,VALID,True,4.0,VALID,True,9.125,VALID,True,4.125,VALID,True,6.125,VALID,True,4.875
RESCS1C-C004,True,VALID,True,0.75,VALID,True,10.0,VALID,True,0.5,VALID,True,11.125,VALID,True,1.5
RESCS1C-C005,True,VALID,False,-0.5,VALID,False,-5.5,VALID,False,-1.375,VALID,False,-3.75,VALID,False,-1.875
RESCS1C-C006,True,VALID,False,0.5,VALID,False,0.75,VALID,False,-1.125,VALID,True,3.25,VALID,False,-1.0
RESCS1C-C007,True,VALID,True,3.0,VALID,True,3.0,VALID,True,2.75,VALID,True,6.0,VALID,True,2.375
RESCS1C-C008,True,VALID,True,0.75,VALID,True,-1.0,VALID,True,1.5,VALID,False,-2.25,VALID,True,1.5
RESCS1C-C009,True,VALID,True,2.375,VALID,True,1.25,VALID,True,2.5,VALID,False,-2.25,VALID,True,2.25
RESCS1C-C010,True,VALID,True,3.875,VALID,True,9.125,VALID,True,4.375,VALID,True,5.625,VALID,True,4.5
RESCS1C-C011,True,VALID,False,-1.0,VALID,False,-6.25,VALID,False,-2.875,VALID,False,-0.25,VALID,False,-4.125
RESCS1C-C012,True,VALID,False,0.0,VALID,False,-5.5,VALID,False,0.0,VALID,False,-5.75,VALID,False,-1.5
RESCS1C-C013,True,VALID,False,1.25,VALID,False,1.0,VALID,False,0.75,VALID,True,4.75,VALID,False,1.0
RESCS1C-C014,True,VALID,True,1.5,VALID,True,1.0,VALID,True,2.5,VALID,True,-0.5,VALID,True,2.75
RESCS1C-C015,True,VALID,False,-1.0,VALID,False,-0.5,VALID,False,-1.875,VALID,True,2.0,VALID,False,-2.25
RESCS1C-C016,True,VALID,True,-1.75,VALID,False,-3.5,VALID,False,-1.375,VALID,False,0.5,VALID,False,-1.375
RESCS1C-C017,True,VALID,True,6.75,VALID,False,0.25,VALID,False,-0.5,VALID,False,0.0,VALID,False,-2.0
RESCS1C-C018,True,VALID,False,-1.25,VALID,False,0.25,VALID,False,-1.5,VALID,True,3.25,VALID,False,-2.0
RESCS1C-C019,True,VALID,True,2.75,VALID,True,-1.5,VALID,True,2.25,VALID,False,-3.25,VALID,True,2.25
RESCS1C-C020,True,VALID,False,-3.0,VALID,True,4.25,VALID,True,1.0,VALID,True,2.0,VALID,True,1.75
RESCS1C-C021,True,VALID,False,-2.5,VALID,True,6.75,VALID,False,-2.75,VALID,True,3.25,VALID,False,-3.5
RESCS1C-C022,True,VALID,True,-0.875,VALID,False,1.75,VALID,True,-0.875,VALID,True,2.75,VALID,False,-0.875
RESCS1C-C023,True,VALID,True,2.375,VALID,True,3.5,VALID,True,1.5,VALID,True,1.25,VALID,True,1.875
RESCS1C-C024,True,VALID,True,2.25,VALID,False,1.75,VALID,False,1.5,VALID,True,4.25,VALID,False,1.0
RESCS1C-C025,True,VALID,False,-7.625,VALID,True,8.0,VALID,False,-2.625,VALID,True,4.25,VALID,True,0.0
RESCS1C-C026,True,VALID,True,6.5,VALID,True,12.0,VALID,True,6.75,VALID,True,10.125,VALID,True,5.875
RESCS1C-C027,True,VALID,True,-0.75,VALID,True,5.25,VALID,False,-2.25,VALID,True,6.875,VALID,True,-1.375
RESCS1C-C028,True,VALID,False,-0.75,VALID,False,-3.25,VALID,False,-0.5,VALID,False,-0.25,VALID,False,-0.5
RESCS1C-C029,True,VALID,True,1.0,VALID,True,1.75,VALID,True,-0.25,VALID,True,0.0,VALID,True,0.75
RESCS1C-C030,True,VALID,True,8.75,VALID,True,11.75,VALID,True,8.0,VALID,True,10.75,VALID,True,6.75
RESCS1C-C031,True,VALID,True,3.5,VALID,True,3.75,VALID,True,3.0,VALID,True,5.75,VALID,True,2.75
RESCS1C-C032,True,VALID,False,-3.0,VALID,True,5.25,VALID,True,-0.25,VALID,True,2.5,VALID,True,1.0
RESCS1C-C033,True,VALID,False,0.0,VALID,False,1.5,VALID,False,-1.875,VALID,True,4.75,VALID,False,-1.75
RESCS1C-C034,True,VALID,False,-1.5,VALID,False,-3.5,VALID,False,-0.75,VALID,False,0.0,VALID,False,-0.75
RESCS1C-C035,True,VALID,True,11.625,VALID,True,12.0,VALID,True,8.5,VALID,True,9.0,VALID,True,6.25
RESCS1C-C036,True,VALID,True,1.5,VALID,True,2.25,VALID,True,0.5,VALID,True,0.25,VALID,True,1.0
RESCS1C-C037,True,VALID,True,4.5,VALID,False,-6.375,VALID,False,1.25,VALID,False,-1.75,VALID,False,-0.75
RESCS1C-C038,True,VALID,False,-7.25,VALID,True,6.0,VALID,False,-3.25,VALID,True,3.75,VALID,False,-1.625
RESCS1C-C039,True,VALID,False,-3.0,VALID,False,-4.5,VALID,False,-2.75,VALID,False,-2.75,VALID,False,-3.875
RESCS1C-C040,True,VALID,True,2.0,VALID,True,2.75,VALID,True,1.0,VALID,True,1.5,VALID,True,1.5
RESCS1C-C041,True,VALID,True,13.125,VALID,True,11.0,VALID,True,9.75,VALID,True,5.375,VALID,True,9.0
RESCS1C-C042,True,VALID,True,1.0,VALID,True,5.75,VALID,False,-2.375,VALID,True,7.125,VALID,False,-1.625
RESCS1C-C043,True,VALID,True,2.75,VALID,True,3.75,VALID,True,1.5,VALID,True,3.25,VALID,True,1.75
RESCS1C-C044,True,VALID,False,-4.0,VALID,True,4.25,VALID,True,-0.5,VALID,True,8.625,VALID,True,0.0
RESCS1C-C045,True,VALID,True,9.5,VALID,True,11.75,VALID,True,8.125,VALID,True,10.75,VALID,True,7.25
RESCS1C-C046,True,VALID,True,7.625,VALID,True,11.5,VALID,True,7.375,VALID,True,11.125,VALID,True,6.125
RESCS1C-C047,True,VALID,True,2.25,VALID,True,2.75,VALID,True,1.0,VALID,True,1.5,VALID,True,1.5
RESCS1C-C048,True,VALID,True,2.5,VALID,True,1.25,VALID,True,2.25,VALID,False,-2.0,VALID,True,2.5
RESCS1C-C049,True,VALID,True,2.5,VALID,True,3.5,VALID,True,1.625,VALID,True,0.75,VALID,True,2.0
RESCS1C-C050,True,VALID,False,3.25,VALID,True,-1.75,VALID,True,1.75,VALID,False,-4.25,VALID,True,2.0
RESCS1C-C051,True,VALID,True,2.75,VALID,True,3.625,VALID,True,2.0,VALID,True,3.75,VALID,True,2.125
RESCS1C-C052,True,VALID,False,-0.25,VALID,False,0.75,VALID,False,-1.875,VALID,True,5.25,VALID,False,-1.625
RESCS1C-C053,True,VALID,False,0.0,VALID,False,-0.25,VALID,False,-1.375,VALID,True,2.75,VALID,False,-1.125
RESCS1C-C054,True,VALID,False,-3.25,VALID,False,1.5,VALID,False,-2.5,VALID,True,2.75,VALID,False,-2.0
RESCS1C-C055,True,VALID,True,2.875,VALID,True,-1.0,VALID,True,1.875,VALID,False,-2.25,VALID,True,2.375
RESCS1C-C056,True,VALID,True,8.0,VALID,False,-1.25,VALID,False,-1.5,VALID,False,-0.75,VALID,False,-3.25
RESCS1C-C057,True,VALID,True,0.0,VALID,True,7.875,VALID,False,-1.25,VALID,True,10.5,VALID,True,-0.75
RESCS1C-C058,True,VALID,True,12.625,VALID,True,11.25,VALID,True,8.875,VALID,True,8.125,VALID,True,6.875
RESCS1C-C059,True,VALID,False,-1.5,VALID,False,-2.0,VALID,False,-2.0,VALID,False,0.5,VALID,False,-2.0
RESCS1C-C060,True,VALID,True,-0.5,VALID,True,8.125,VALID,False,-1.75,VALID,True,9.125,VALID,True,-0.25
RESCS1C-C061,True,VALID,True,11.875,VALID,True,10.5,VALID,True,10.25,VALID,True,5.375,VALID,True,8.5
RESCS1C-C062,True,VALID,False,-3.375,VALID,False,-5.75,VALID,False,-3.125,VALID,False,-4.25,VALID,False,-3.875
RESCS1C-C063,True,VALID,True,0.25,VALID,True,-0.25,VALID,True,0.125,VALID,True,-1.25,VALID,True,0.5
RESCS1C-C064,True,VALID,True,11.625,VALID,True,12.0,VALID,True,8.5,VALID,True,9.0,VALID,True,6.625
RESCS1C-C065,True,VALID,False,-0.5,VALID,False,0.5,VALID,False,-1.5,VALID,True,2.75,VALID,False,-2.0
RESCS1C-C066,True,VALID,False,-2.5,VALID,True,6.75,VALID,False,-2.75,VALID,True,3.25,VALID,False,-3.5
RESCS1C-C067,True,VALID,True,7.0,VALID,True,11.75,VALID,True,6.875,VALID,True,10.5,VALID,True,5.875
RESCS1C-C068,True,VALID,True,1.0,VALID,True,0.25,VALID,True,0.875,VALID,True,-1.0,VALID,True,1.5
RESCS1C-C069,True,VALID,False,1.5,VALID,False,0.75,VALID,False,1.0,VALID,True,4.75,VALID,False,1.5
RESCS1C-C070,True,VALID,True,6.75,VALID,False,0.25,VALID,False,-0.5,VALID,False,0.0,VALID,False,-2.0
RESCS1C-C071,True,VALID,True,1.5,VALID,True,2.25,VALID,True,0.5,VALID,True,0.25,VALID,True,1.375
RESCS1C-C072,True,VALID,False,-4.5,VALID,False,-8.25,VALID,False,-5.875,VALID,False,-6.875,VALID,False,-6.125
RESCS1C-C073,True,VALID,True,12.875,VALID,True,9.875,VALID,True,10.0,VALID,True,5.5,VALID,True,8.625
RESCS1C-C074,True,VALID,True,2.0,VALID,True,2.25,VALID,True,3.0,VALID,True,-0.25,VALID,False,3.5
RESCS1C-C075,True,VALID,True,1.0,VALID,True,5.75,VALID,False,-2.375,VALID,True,7.125,VALID,False,-1.75
RESCS1C-C076,True,VALID,True,2.25,VALID,True,2.75,VALID,True,1.0,VALID,True,1.5,VALID,True,1.5
RESCS1C-C077,True,VALID,True,2.375,VALID,True,9.25,VALID,True,4.625,VALID,True,6.875,VALID,True,4.875
RESCS1C-C078,True,VALID,False,-3.0,VALID,False,-2.25,VALID,False,-3.0,VALID,False,-2.25,VALID,False,-4.125
RESCS1C-C079,True,VALID,True,1.5,VALID,True,8.0,VALID,False,-1.0,VALID,True,10.375,VALID,True,-0.5
RESCS1C-C080,True,VALID,True,0.0,VALID,True,2.0,VALID,True,-0.25,VALID,True,1.75,VALID,True,0.75
RESCS1C-C081,True,VALID,False,-2.875,VALID,False,1.5,VALID,False,-3.0,VALID,True,2.25,VALID,False,-2.875
RESCS1C-C082,True,VALID,True,6.5,VALID,False,-1.5,VALID,False,-2.0,VALID,False,-1.5,VALID,False,-4.0
RESCS1C-C083,True,VALID,False,-2.5,VALID,False,-1.75,VALID,False,-3.375,VALID,False,0.5,VALID,False,-3.375
RESCS1C-C084,True,VALID,False,-2.5,VALID,False,-1.25,VALID,False,-2.5,VALID,False,-2.5,VALID,False,-3.125
RESCS1C-C085,True,VALID,True,0.75,VALID,True,-0.5,VALID,True,0.75,VALID,True,-1.25,VALID,True,1.125
RESCS1C-C086,True,VALID,True,8.125,VALID,False,-3.5,VALID,True,2.375,VALID,False,-2.25,VALID,False,1.125
RESCS1C-C087,True,VALID,True,2.0,VALID,True,2.625,VALID,True,1.0,VALID,True,1.125,VALID,True,1.25
RESCS1C-C088,True,VALID,True,2.375,VALID,True,3.5,VALID,True,1.5,VALID,True,1.25,VALID,True,2.0
RESCS1C-C089,True,VALID,True,5.125,VALID,True,2.5,VALID,True,3.375,VALID,True,3.25,VALID,True,4.0
RESCS1C-C090,True,VALID,False,-2.875,VALID,False,1.25,VALID,False,-1.375,VALID,True,3.75,VALID,False,-1.375
RESCS1C-C091,True,VALID,False,-2.75,VALID,True,6.5,VALID,False,-1.0,VALID,True,2.75,VALID,False,-1.75
RESCS1C-C092,True,VALID,False,-2.0,VALID,True,9.5,VALID,True,2.25,VALID,True,4.5,VALID,True,2.625
RESCS1C-C093,True,VALID,True,1.75,VALID,False,-10.0,VALID,False,0.0,VALID,False,-11.125,VALID,False,-0.75
RESCS1C-C094,True,VALID,True,9.5,VALID,True,11.75,VALID,True,8.125,VALID,True,10.75,VALID,True,7.375
RESCS1C-C095,True,VALID,True,1.25,VALID,True,1.75,VALID,True,0.25,VALID,True,0.5,VALID,True,0.75
RESCS1C-C096,True,VALID,True,3.0,VALID,True,3.0,VALID,True,2.75,VALID,True,6.0,VALID,True,2.375
RESCS1C-C097,True,VALID,True,2.875,VALID,True,-1.0,VALID,True,1.875,VALID,False,-2.75,VALID,True,2.125
RESCS1C-C098,True,VALID,True,3.5,VALID,True,3.75,VALID,True,3.0,VALID,True,5.75,VALID,True,2.75
RESCS1C-C099,True,VALID,True,3.125,VALID,True,3.75,VALID,True,3.875,VALID,True,2.875,VALID,True,4.375
RESCS1C-C100,True,VALID,False,-3.625,VALID,False,-5.0,VALID,False,-3.25,VALID,False,-3.25,VALID,False,-3.875
RESCS1C-C101,True,VALID,True,1.25,VALID,True,-0.5,VALID,True,1.375,VALID,False,-3.75,VALID,True,1.75
RESCS1C-C102,True,VALID,True,2.125,VALID,True,3.5,VALID,True,1.5,VALID,True,0.25,VALID,True,1.625
RESCS1C-C103,True,VALID,True,-0.5,VALID,True,8.125,VALID,False,-1.75,VALID,True,9.125,VALID,True,-0.75
RESCS1C-C104,True,VALID,True,11.75,VALID,True,10.25,VALID,True,8.875,VALID,True,7.875,VALID,True,5.375
RESCS1C-C105,True,VALID,False,-1.25,VALID,False,-4.0,VALID,False,-0.75,VALID,False,-0.25,VALID,False,-0.75
RESCS1C-C106,True,VALID,True,3.0,VALID,True,3.0,VALID,True,2.75,VALID,True,3.5,VALID,True,3.375
RESCS1C-C107,True,VALID,False,-2.0,VALID,False,-1.5,VALID,False,-3.5,VALID,False,0.25,VALID,False,-3.25
RESCS1C-C108,True,VALID,True,8.75,VALID,True,11.5,VALID,True,8.125,VALID,True,10.875,VALID,True,6.875
RESCS1C-C109,True,VALID,True,2.75,VALID,False,-3.5,VALID,False,1.25,VALID,False,-2.0,VALID,False,0.25
RESCS1C-C110,True,VALID,True,2.5,VALID,False,1.5,VALID,False,0.75,VALID,True,4.0,VALID,False,1.25
RESCS1C-C111,True,VALID,False,-2.125,VALID,False,1.0,VALID,False,-2.375,VALID,True,2.5,VALID,False,-2.5
RESCS1C-C112,True,VALID,True,2.5,VALID,True,3.25,VALID,True,1.25,VALID,True,3.125,VALID,True,1.75
RESCS1C-C113,True,VALID,True,1.25,VALID,True,2.0,VALID,True,2.375,VALID,True,-1.25,VALID,True,2.625
RESCS1C-C114,True,VALID,True,2.25,VALID,True,3.125,VALID,True,1.25,VALID,True,3.0,VALID,True,1.5
RESCS1C-C115,True,VALID,True,0.75,VALID,True,5.25,VALID,True,2.875,VALID,True,5.125,VALID,True,3.875
RESCS1C-C116,True,VALID,False,-1.0,VALID,False,-3.0,VALID,False,-0.5,VALID,False,0.0,VALID,False,-0.5
RESCS1C-C117,True,VALID,False,0.25,VALID,False,0.25,VALID,False,-1.125,VALID,True,3.5,VALID,False,-0.875
RESCS1C-C118,True,VALID,False,-0.5,VALID,False,1.5,VALID,False,-1.625,VALID,True,5.0,VALID,False,-1.625
RESCS1C-C119,True,VALID,False,1.5,VALID,False,-2.0,VALID,False,-0.5,VALID,False,-1.25,VALID,False,-1.5
RESCS1C-C120,True,VALID,True,-0.25,VALID,True,5.0,VALID,False,-2.0,VALID,True,6.625,VALID,True,-1.25
RESCS1C-C121,True,VALID,True,2.0,VALID,True,1.75,VALID,True,2.875,VALID,True,0.25,VALID,True,3.0
RESCS1C-C122,True,VALID,False,-0.25,VALID,False,0.75,VALID,False,-1.875,VALID,True,5.25,VALID,False,-1.625
RESCS1C-C123,True,VALID,True,13.125,VALID,True,11.0,VALID,True,9.75,VALID,True,5.375,VALID,True,8.25
RESCS1C-C124,True,VALID,False,0.5,VALID,False,1.0,VALID,False,-1.375,VALID,True,3.0,VALID,False,-1.25
RESCS1C-C125,True,VALID,True,7.25,VALID,True,11.75,VALID,True,7.375,VALID,True,11.375,VALID,True,6.375
RESCS1C-C126,True,VALID,True,1.25,VALID,True,3.75,VALID,True,-0.5,VALID,True,0.0,VALID,True,0.5
RESCS1C-C127,True,VALID,True,0.75,VALID,True,10.0,VALID,True,0.25,VALID,True,11.375,VALID,True,2.0
